{"access_token": "ya29.GlvpBWL4lsOt3QoAV6bEfgkHlsdxpn14Os1dLhhBdOxj13Y5U7VO2qpvd9t65GFPpJk3FswEnrU6cAxEMXqe-X1_LjVCNPKuKeTAnqh3SxPobI6FOAQNhYE_G4ox", "client_id": "592342589650-b32faha4ou056pkin2lovvg6s6hs3hvv.apps.googleusercontent.com", "client_secret": "u6kgroETidD85A7UF1ATrqGw", "refresh_token": "1/uAPspqVFz23LVhBOaAd-GdrZdpY1PXKyBD4UuKq4mvI", "token_expiry": "2018-06-29T11:02:25Z", "token_uri": "https://accounts.google.com/o/oauth2/token", "user_agent": null, "revoke_uri": "https://accounts.google.com/o/oauth2/revoke", "id_token": null, "id_token_jwt": null, "token_response": {"access_token": "ya29.GlvpBWL4lsOt3QoAV6bEfgkHlsdxpn14Os1dLhhBdOxj13Y5U7VO2qpvd9t65GFPpJk3FswEnrU6cAxEMXqe-X1_LjVCNPKuKeTAnqh3SxPobI6FOAQNhYE_G4ox", "expires_in": 3600, "refresh_token": "1/uAPspqVFz23LVhBOaAd-GdrZdpY1PXKyBD4UuKq4mvI", "token_type": "Bearer"}, "scopes": ["https://www.googleapis.com/auth/photoslibrary.readonly"], "token_info_uri": "https://www.googleapis.com/oauth2/v3/tokeninfo", "invalid": false, "_class": "OAuth2Credentials", "_module": "oauth2client.client"}